地区,年份,各省低空经济指数,全国通用航空机场数量（个）,飞行服务站数量（个）,通航企业总收入与 GDP 的比值（%）,低空经济领域上市公司总产值与GDP的比值（%）,低空经济产业增加值与 GDP 的比值（%）,持有有效运营合格证的无人机企业数量（个）,传统通航企业数量（个）,全行业注册无人机数量（个）,无人机行业专利申请数量（个）,通航企业的专业人员数量与就业人员总数的比值（%）
北京市,1990,0.13293,3,1,0.2623152,0.027314456,0.312751058,649,20,9568,1421,0.011302658
北京市,1991,0.14540064,3,1,0.261643605,0.03362099,0.327376811,793,19,12862,2347,0.011094069
北京市,1992,0.1560384,4,1,0.282387894,0.03738602,0.327524602,714,28,15955,2473,0.012494886
北京市,1993,0.17030832,4,1,0.339271204,0.039796797,0.352086905,825,21,13371,3038,0.013410077
北京市,1994,0.18264456,4,1,0.333362851,0.045446533,0.387617417,851,20,12250,3088,0.013559532
北京市,1995,0.1949598,4,1,0.359011973,0.043366858,0.4289603,1078,29,14902,3759,0.015743004
北京市,1996,0.20164032,4,1,0.353233513,0.042629788,0.424231069,889,21,17417,3868,0.014688057
北京市,1997,0.22428168,4,1,0.421978505,0.053183915,0.516789847,1078,27,16031,2929,0.017950224
北京市,1998,0.23928912,4,1,0.427513942,0.048993251,0.511528352,1208,42,19899,2592,0.018115554
北京市,1999,0.24377304,5,1,0.411326376,0.052637913,0.586907971,1223,28,24487,4801,0.018902858
北京市,2000,0.2569056,5,1,0.499475868,0.062917466,0.516200422,1354,38,25110,3739,0.021592182
北京市,2001,0.27567792,5,1,0.516969614,0.066366702,0.556373178,1313,36,21779,3672,0.019889768
北京市,2002,0.28076664,5,1,0.492885837,0.060833708,0.597934675,1123,34,30159,3058,0.023580788
北京市,2003,0.29667792,5,1,0.544255644,0.074166513,0.729456836,1446,44,19691,5304,0.021539241
北京市,2004,0.30957696,5,1,0.517375335,0.074600308,0.728419108,1381,55,18667,5757,0.022254603
北京市,2005,0.332367,5,1,0.606946458,0.081183963,0.737472518,1826,66,36077,3499,0.026592684
北京市,2006,0.33517848,5,1,0.644402973,0.072046614,0.83405813,1952,44,25392,3866,0.025281076
北京市,2007,0.35333172,5,1,0.698242367,0.076211885,0.745953927,1679,55,41344,4348,0.029565789
北京市,2008,0.3550344,6,1,0.688636557,0.074214616,0.765312153,2122,44,30021,4808,0.026518027
北京市,2009,0.38698296,6,1,0.733010223,0.089460786,0.913279786,1805,72,42226,7379,0.030600954
北京市,2010,0.3794112,6,1,0.71669511,0.092141907,0.76185769,2195,74,23225,4268,0.029506809
北京市,2011,0.41437452,6,1,0.764880114,0.088622279,0.85151892,2449,49,48323,6941,0.033292033
北京市,2012,0.4187904,6,1,0.822280991,0.084767365,0.943953562,1852,72,36621,4368,0.029974025
北京市,2013,0.42713748,6,1,0.754082745,0.08941696,1.003709007,2562,72,39972,5726,0.034266799
北京市,2014,0.43691088,6,1,0.83327643,0.10096792,1.046663704,2374,60,37985,6501,0.032988644
北京市,2015,0.4691946,6,1,0.789982948,0.106898952,0.981789701,2648,115,28867,8667,0.039356713
北京市,2016,0.4693248,6,1,0.879827558,0.099140171,1.051123288,2317,115,55508,5278,0.037171865
北京市,2017,0.46626216,7,1,0.866423888,0.10687195,1.016428196,2068,71,48281,7823,0.038310763
北京市,2018,0.5006652,7,2,0.912779415,0.122447688,1.122916944,2073,275,42756,7032,0.036464162
北京市,2019,0.5063058,7,2,1.006350285,0.104643283,1.209589871,2523,396,31548,8446,0.042294617
北京市,2020,0.5233872,7,2,0.888816143,0.125154964,1.284523036,2916,412,45833,8820,0.038172872
北京市,2021,0.5391582,7,2,1.035453323,0.108009562,1.282522568,2240,305,33317,5612,0.045323179
北京市,2022,0.54017208,7,2,0.92781757,0.11335241,1.185434638,2213,356,52207,5915,0.044983216
北京市,2023,0.55259988,7,2,0.993703524,0.130991039,1.237989511,2677,477,50427,7962,0.042348097
北京市,2024,0.59102736,7,3,1.105457574,0.141973637,1.270147348,3244,344,37674,11621,0.049575375
山西省,1990,0.0873096,3,0,0.148371024,0.01803729,0.191269141,427,14,6231,914,0.006886233
山西省,1991,0.09686292,4,0,0.177129993,0.021345197,0.2028697,422,14,8133,1918,0.006936769
山西省,1992,0.101556,4,0,0.180478553,0.020980454,0.207321496,556,16,10018,1570,0.007656162
山西省,1993,0.11151504,4,0,0.213305969,0.024459151,0.27645136,464,17,8346,1270,0.008235864
山西省,1994,0.12823104,4,0,0.213970588,0.029852186,0.285839811,677,20,9537,2247,0.010425
山西省,1995,0.1287846,5,0,0.215259166,0.030446611,0.321336895,750,23,8722,1428,0.01035189
山西省,1996,0.13763904,5,0,0.233137594,0.028538767,0.306790538,633,24,11416,2212,0.011394546
山西省,1997,0.14564172,5,0,0.289293003,0.03178048,0.310864969,598,15,14413,2729,0.011536073
山西省,1998,0.1652616,5,0,0.330192677,0.041118739,0.404733921,896,19,11405,2580,0.013106661
山西省,1999,0.161595,5,0,0.311576706,0.039055896,0.392716249,646,27,11690,2081,0.012995239
山西省,2000,0.1720824,5,0,0.323761563,0.038562805,0.417385861,789,28,19547,1952,0.014045611
山西省,2001,0.17996328,5,0,0.339248779,0.038652513,0.425064269,939,23,19855,2060,0.013798813
山西省,2002,0.18561312,5,0,0.3449063,0.044876612,0.398446404,919,31,21472,2006,0.015298499
山西省,2003,0.19408872,5,0,0.343116509,0.043538952,0.434584053,971,23,15186,3030,0.015525989
山西省,2004,0.2028096,5,0,0.385723578,0.042041416,0.4254844,1210,23,12424,2912,0.015986032
山西省,2005,0.227493,5,0,0.379776814,0.05233704,0.560030893,1110,23,21879,2506,0.019468526
山西省,2006,0.22881768,5,0,0.440542679,0.055887574,0.469224975,1064,45,16274,2388,0.019493305
山西省,2007,0.24083892,5,0,0.41173019,0.053507183,0.578735925,1164,42,25278,3516,0.017373088
山西省,2008,0.25573296,5,0,0.429435311,0.057252216,0.60767266,1204,46,19232,4135,0.021369046
山西省,2009,0.26757024,5,0,0.491517612,0.059934396,0.62109742,1489,50,31643,4906,0.022235851
山西省,2010,0.2610216,6,0,0.45412538,0.061798169,0.605322141,1253,35,16377,4586,0.019003118
山西省,2011,0.27310752,6,0,0.526168948,0.055352067,0.659199621,1348,43,28072,5028,0.020582553
山西省,2012,0.26963328,6,0,0.526512906,0.066116777,0.652054161,1541,53,30714,4773,0.020399298
山西省,2013,0.29568924,6,0,0.528416384,0.063117825,0.597055713,1308,39,22173,3025,0.023890001
山西省,2014,0.31107552,7,0,0.546850026,0.070259517,0.688970062,1714,38,35265,3319,0.026495191
山西省,2015,0.3091116,7,0,0.586374401,0.06596287,0.726875927,1443,58,21816,5403,0.023274779
山西省,2016,0.32323536,7,0,0.599461524,0.071124709,0.679295271,1534,56,27342,5874,0.023706081
山西省,2017,0.33370596,7,0,0.594029979,0.068561558,0.692756888,1726,52,39670,3891,0.024136952
山西省,2018,0.3252648,8,0,0.625603474,0.065157045,0.761444897,1867,298,34262,6284,0.026311134
山西省,2019,0.35272692,8,0,0.621105076,0.083243553,0.852734965,2029,238,22927,3640,0.026183927
山西省,2020,0.3565296,8,0,0.639887442,0.080741476,0.815311889,1428,319,38768,6146,0.026409675
山西省,2021,0.37295076,8,0,0.679230356,0.082060356,0.767998853,1773,198,41599,6545,0.031454667
山西省,2022,0.35378784,8,1,0.702398585,0.088100248,0.878260623,1717,238,30313,6223,0.029340131
山西省,2023,0.3640896,8,2,0.633236769,0.090228685,0.804364949,1772,329,41216,4111,0.030943975
山西省,2024,0.404712,8,2,0.800250528,0.084337934,0.836398055,1786,268,30169,5466,0.032472935
辽宁省,1990,0.115668,3,0,0.22696375,0.028226462,0.282391855,636,18,10060,1514,0.009234107
辽宁省,1991,0.12860232,3,0,0.223082158,0.030468462,0.309372171,725,15,12684,1757,0.01030123
辽宁省,1992,0.1395576,3,0,0.2348987,0.03180727,0.298813755,834,14,14260,2285,0.011282235
辽宁省,1993,0.14585844,4,0,0.268374668,0.031897053,0.352948253,841,28,16189,1478,0.011290902
辽宁省,1994,0.15860712,4,0,0.264609545,0.033165542,0.35507376,791,21,14770,1732,0.011552716
辽宁省,1995,0.1729728,4,0,0.337406509,0.03853834,0.409625536,978,28,10554,1889,0.014077021
辽宁省,1996,0.18816,4,1,0.328031872,0.045843302,0.432034176,1093,21,21530,3575,0.01518048
辽宁省,1997,0.19837776,4,1,0.330728789,0.041985661,0.439982034,800,21,17665,3368,0.016165237
辽宁省,1998,0.20257776,5,1,0.353329376,0.049825013,0.503567796,827,28,17762,2498,0.015671994
辽宁省,1999,0.2215248,6,1,0.432468099,0.054074204,0.545870336,942,24,14706,4353,0.018157755
辽宁省,2000,0.2284968,6,2,0.388779689,0.05461759,0.469983643,1172,45,27030,3263,0.019124856
辽宁省,2001,0.24544296,6,2,0.42203917,0.055234484,0.550270844,1183,40,28768,3014,0.01985353
辽宁省,2002,0.25661328,7,2,0.470098421,0.059518884,0.588324436,1286,40,16596,3498,0.020944409
辽宁省,2003,0.2677752,7,2,0.511388151,0.056159154,0.56297058,1208,46,19656,3039,0.019673061
辽宁省,2004,0.26998272,7,2,0.464955241,0.062556346,0.655194065,1510,43,23710,3927,0.022935803
辽宁省,2005,0.278313,7,2,0.485730402,0.06437658,0.592945847,1257,37,22603,4309,0.023707099
辽宁省,2006,0.30187248,7,2,0.595785589,0.070256292,0.638324453,1633,33,18321,5597,0.02532667
辽宁省,2007,0.31239432,7,3,0.599984531,0.075502583,0.765694098,1297,43,19244,4164,0.023058271
辽宁省,2008,0.32107152,8,3,0.593554217,0.076948,0.70961622,1680,53,35753,5093,0.024898638
辽宁省,2009,0.32725224,8,3,0.579792794,0.072425829,0.775227831,1460,64,20428,6403,0.024938958
辽宁省,2010,0.3280536,8,3,0.626669857,0.06915862,0.737513701,1905,61,20459,3536,0.024604957
辽宁省,2011,0.34940472,8,4,0.657404981,0.07837672,0.741244643,1446,67,24870,4359,0.029651483
辽宁省,2012,0.36672384,8,4,0.665921597,0.083585531,0.782588675,1537,56,31040,6348,0.028375519
辽宁省,2013,0.36806616,8,4,0.676493333,0.0842301,0.905737207,1668,46,40529,4898,0.027339954
辽宁省,2014,0.3749928,8,4,0.701961522,0.080255959,0.782891218,2133,51,28079,7486,0.027454294
辽宁省,2015,0.3942834,8,5,0.754632142,0.085750725,0.900898141,1858,92,37421,7147,0.032748053
辽宁省,2016,0.42012432,9,5,0.795855504,0.096891171,0.927655505,2117,77,41996,4653,0.033511516
辽宁省,2017,0.41501124,9,5,0.816797455,0.097921902,0.923317007,1807,108,47630,4631,0.031922072
辽宁省,2018,0.41553456,9,5,0.754624612,0.100654936,0.927556245,2455,284,45319,4271,0.032566037
辽宁省,2019,0.45637956,10,5,0.766824149,0.093792845,1.06124221,2664,434,53065,5662,0.036507105
辽宁省,2020,0.4547088,10,5,0.787692054,0.102614135,0.963868979,2448,413,37593,7805,0.037199077
辽宁省,2021,0.47847492,10,5,0.833152429,0.115054079,1.158244239,2015,439,49832,9273,0.040225387
辽宁省,2022,0.46703664,10,5,0.827464383,0.099399408,0.982107998,2753,424,36395,5279,0.036718421
辽宁省,2023,0.4773258,10,5,0.898533997,0.11173481,1.080665611,2616,258,53324,8375,0.035824665
辽宁省,2024,0.5133744,10,5,0.903333594,0.111314971,1.135301817,2508,442,52660,7821,0.040928407
上海市,1990,0.1330896,4,0,0.227010931,0.029170579,0.294001581,647,18,12993,2288,0.011130664
上海市,1991,0.14480928,4,0,0.280288015,0.033028825,0.325444376,629,27,16316,2762,0.010416959
上海市,1992,0.1518048,4,0,0.26629598,0.037194453,0.331048318,691,20,17993,2948,0.012433247
上海市,1993,0.16530696,5,0,0.295657008,0.03865042,0.375726189,741,27,18516,1929,0.012014746
上海市,1994,0.18124512,5,0,0.33031319,0.042056118,0.38478339,931,24,12635,3065,0.013866546
上海市,1995,0.1894284,5,0,0.337933951,0.03981785,0.448983194,927,38,16942,2751,0.015580757
上海市,1996,0.20654592,5,0,0.404768039,0.049390293,0.449361304,1012,38,20650,2116,0.016475873
上海市,1997,0.21799848,5,0,0.420148471,0.051907618,0.536537859,1206,37,17297,2205,0.01734645
上海市,1998,0.23098824,5,0,0.450350072,0.051870719,0.544728017,1069,40,21862,4197,0.019077319
上海市,1999,0.2532852,5,0,0.504197962,0.05091919,0.592788682,1436,42,29836,2575,0.020257388
上海市,2000,0.2585184,5,0,0.465453762,0.062552405,0.549687674,1519,29,27614,3964,0.018929087
上海市,2001,0.2660994,5,0,0.50553564,0.054897637,0.547486211,1205,53,22194,3066,0.021616015
上海市,2002,0.2773848,5,0,0.543489285,0.060221627,0.560331165,1288,45,29265,3850,0.022306889
上海市,2003,0.2964654,5,1,0.533904539,0.060495247,0.631367539,1776,42,31339,4430,0.022968445
上海市,2004,0.3120768,5,1,0.573129043,0.064676356,0.654721523,1448,57,33051,3971,0.025787352
上海市,2005,0.334194,5,1,0.579202761,0.082579337,0.794445977,1842,65,38896,6430,0.025218279
上海市,2006,0.33683832,5,1,0.663111145,0.076362931,0.808630913,1523,46,24537,4757,0.025138244
上海市,2007,0.34571124,5,1,0.610952427,0.077610445,0.767064099,1493,38,33109,5965,0.025426074
上海市,2008,0.36310176,6,1,0.686032362,0.089913073,0.820101635,1563,63,24640,5236,0.030159232
上海市,2009,0.373926,6,2,0.689320117,0.089912376,0.831237498,1952,38,29258,5262,0.02940928
上海市,2010,0.3890628,7,2,0.674570051,0.090373452,0.817420943,2006,58,34525,6688,0.031410707
上海市,2011,0.39617256,8,2,0.763015145,0.090848311,0.938552603,1926,49,44427,5655,0.028891733
上海市,2012,0.42835968,8,2,0.846895645,0.103598789,0.875074572,2489,54,45412,6816,0.032413977
上海市,2013,0.42431004,8,2,0.782979317,0.096725717,0.855981859,1815,67,44135,5847,0.033675669
上海市,2014,0.42874272,8,2,0.776638854,0.091941733,0.893071086,2499,46,31842,6411,0.033774514
上海市,2015,0.462462,8,2,0.792228237,0.115180786,0.97616479,2735,121,29213,8051,0.034193119
上海市,2016,0.47842704,8,2,0.92294955,0.107890082,0.973957847,2289,77,38727,9548,0.037990524
上海市,2017,0.47978196,8,2,0.876449692,0.11831663,0.980506403,2158,128,46419,6935,0.040059052
上海市,2018,0.4957176,8,2,0.87332222,0.119316748,1.02115347,2035,309,32714,9538,0.041939125
上海市,2019,0.49280868,8,2,0.9401804,0.107348515,1.183307562,2034,274,30822,6341,0.036691014
上海市,2020,0.5207664,8,2,0.951544366,0.115196132,1.171750438,3065,390,43529,9296,0.044355162
上海市,2021,0.5308926,8,2,0.976718509,0.123395367,1.156682252,2394,451,43181,5652,0.045023485
上海市,2022,0.53988984,8,2,0.983301366,0.109600337,1.191995783,2983,299,38040,7705,0.045919173
上海市,2023,0.5497464,8,2,0.929566188,0.134259066,1.202707687,2510,295,51209,10651,0.043180224
上海市,2024,0.58585296,8,2,1.005675191,0.14140147,1.388676564,3362,542,56920,8096,0.046424662
江苏省,1990,0.1109472,3,0,0.196713084,0.023511931,0.235524264,455,16,6659,2001,0.009191025
江苏省,1991,0.12447204,3,0,0.220469026,0.028147485,0.292496847,668,24,11201,2250,0.010158519
江苏省,1992,0.14023296,3,0,0.258112786,0.029197905,0.344033521,707,19,10879,1686,0.011241475
江苏省,1993,0.14892696,3,0,0.270615179,0.033607602,0.304689667,600,18,11099,1792,0.011521415
江苏省,1994,0.15973608,3,0,0.311011472,0.037258441,0.320374669,672,24,18186,2108,0.012101377
江苏省,1995,0.1647576,3,0,0.294916104,0.037604275,0.406539378,983,30,12030,1706,0.012310688
江苏省,1996,0.18174912,3,0,0.353047666,0.040324677,0.453682153,729,20,12930,3624,0.014796975
江苏省,1997,0.19262292,3,0,0.377887644,0.04510073,0.409371861,1046,23,11712,2753,0.016459353
江苏省,1998,0.2021544,3,0,0.374491026,0.046730011,0.413567472,822,23,12362,3595,0.016917147
江苏省,1999,0.21846048,3,0,0.434714509,0.053273773,0.530487584,1183,31,14698,2545,0.015752873
江苏省,2000,0.2285304,3,0,0.415216884,0.056425298,0.501841332,1335,44,26273,3093,0.018633063
江苏省,2001,0.23141916,3,0,0.405245805,0.054068773,0.48662821,1281,35,26140,4260,0.017150143
江苏省,2002,0.24131184,3,0,0.425392555,0.054620935,0.494532419,994,29,16542,2469,0.01767885
江苏省,2003,0.25239648,3,0,0.444731011,0.060852791,0.588437153,1512,31,26558,4211,0.020114557
江苏省,2004,0.26909568,4,0,0.517076319,0.05882297,0.577842608,1548,34,22602,2852,0.0218967
江苏省,2005,0.283017,4,0,0.554581245,0.060329319,0.673778572,1287,40,26256,4869,0.021459158
江苏省,2006,0.2984436,4,0,0.584999197,0.065700866,0.636356366,1650,41,32239,4645,0.023562549
江苏省,2007,0.30910572,4,0,0.549579667,0.067247495,0.741621899,1402,57,35314,4611,0.024672819
江苏省,2008,0.3188136,4,0,0.597743619,0.073856359,0.702266657,1804,46,26434,5409,0.025539702
江苏省,2009,0.32181996,4,0,0.620147063,0.071170484,0.657558633,1909,35,20008,3411,0.027503194
江苏省,2010,0.3402252,4,0,0.663098915,0.072405026,0.833942999,1508,63,26607,6656,0.026730036
江苏省,2011,0.35091504,4,0,0.630255109,0.082142193,0.796033222,1903,53,24251,3559,0.026103066
江苏省,2012,0.36067584,4,0,0.624137519,0.076268513,0.8099517,1670,54,42716,5499,0.029623337
江苏省,2013,0.36823248,4,0,0.651120946,0.077196257,0.751875489,1489,40,31921,4141,0.030097745
江苏省,2014,0.37167984,4,0,0.635039785,0.076625516,0.865103412,1548,69,26841,6356,0.031389424
江苏省,2015,0.3949302,4,0,0.772009555,0.084092487,0.963215011,2264,110,43081,5291,0.03305058
江苏省,2016,0.4024944,4,0,0.711865012,0.087258773,0.87977226,2327,88,36654,7657,0.029815635
江苏省,2017,0.42414876,5,0,0.840648704,0.09280799,0.996516304,2164,115,35259,7489,0.03257826
江苏省,2018,0.44518824,6,0,0.88203662,0.093168995,1.042074373,1806,352,38763,6141,0.03384321
江苏省,2019,0.43806672,6,0,0.832428984,0.107898023,1.016227177,2043,331,47763,6034,0.033682324
江苏省,2020,0.4636128,7,0,0.822387292,0.102877998,0.997694746,2533,417,31797,9002,0.03319865
江苏省,2021,0.45199056,7,0,0.81939862,0.099173509,1.044030395,2142,345,50008,5102,0.037973664
江苏省,2022,0.48287736,7,0,0.859441221,0.118684012,1.096010888,2078,288,55842,6794,0.038323907
江苏省,2023,0.50336832,7,0,0.848142061,0.103112484,1.209996768,2473,416,48891,6917,0.040254365
江苏省,2024,0.49385952,7,0,0.887547867,0.113392615,1.073156737,2527,322,49458,7556,0.038595121
浙江省,1990,0.1103508,4,0,0.195074466,0.022311828,0.232415337,493,17,7704,1702,0.008223815
浙江省,1991,0.12087768,4,0,0.226951873,0.02542118,0.292227835,548,17,13960,2177,0.010338841
浙江省,1992,0.13867056,5,0,0.25617537,0.031814493,0.278512886,719,18,14491,1744,0.009984677
浙江省,1993,0.14609868,5,0,0.245324034,0.034130113,0.348627975,733,29,16289,1797,0.012197779
浙江省,1994,0.15998304,5,0,0.292715636,0.03820155,0.395462077,816,22,18487,2070,0.013581646
浙江省,1995,0.1687896,5,0,0.319164255,0.03573107,0.371092375,762,19,15632,1956,0.012555294
浙江省,1996,0.18236736,5,0,0.331610729,0.038445775,0.437572244,1009,23,21329,2687,0.013674426
浙江省,1997,0.19075224,5,0,0.32307071,0.04545149,0.405319897,989,20,18500,2059,0.013806375
浙江省,1998,0.1976184,5,0,0.341998403,0.04002069,0.458267189,1028,37,22709,2761,0.01692037
浙江省,1999,0.21004956,5,0,0.409785687,0.044396075,0.481832686,1172,31,21561,2953,0.017379501
浙江省,2000,0.2291856,6,0,0.445116633,0.052374639,0.470804519,955,37,15101,2791,0.019595369
浙江省,2001,0.23286564,7,0,0.456300222,0.057570208,0.517078154,1326,29,21218,3479,0.018455933
浙江省,2002,0.25330536,7,0,0.462772006,0.056613748,0.614328824,1025,37,23237,4204,0.018867631
浙江省,2003,0.26132232,7,0,0.478019498,0.055963481,0.629982783,1419,29,22205,4032,0.018948481
浙江省,2004,0.27334944,7,0,0.457277167,0.067108654,0.611974726,1232,45,19630,4942,0.021294702
浙江省,2005,0.285243,7,0,0.513332811,0.066371767,0.628204921,1285,33,21761,2865,0.023074121
浙江省,2006,0.2913456,7,0,0.52851063,0.059654468,0.58633302,1339,44,31776,4038,0.022739524
浙江省,2007,0.29713068,8,0,0.585387057,0.064089602,0.636082503,1237,49,33898,3884,0.025155932
浙江省,2008,0.31942512,8,0,0.636592969,0.072985446,0.745362546,1608,36,37191,5110,0.02325278
浙江省,2009,0.33304992,8,0,0.642120246,0.07118942,0.704217403,1836,43,34639,5071,0.025252321
浙江省,2010,0.3466008,8,0,0.638635081,0.080544827,0.805153658,2053,48,39190,5100,0.024872569
浙江省,2011,0.35849268,8,0,0.674683224,0.074383646,0.740090213,1793,37,30410,5714,0.026217082
浙江省,2012,0.37193856,8,0,0.726581977,0.092594105,0.917907172,1856,58,26036,6517,0.0306132
浙江省,2013,0.36315972,8,0,0.722893633,0.076866386,0.799024016,1540,65,34852,6247,0.030695297
浙江省,2014,0.38790192,8,0,0.697757974,0.083284482,0.922023469,1838,53,30366,4324,0.028425453
浙江省,2015,0.3968412,9,1,0.730558193,0.08124133,0.951823618,2168,70,26511,3986,0.02930162
浙江省,2016,0.40182912,9,1,0.677979486,0.097560092,0.827627347,1800,96,35193,7186,0.030201477
浙江省,2017,0.40935468,9,1,0.687606701,0.101923175,0.900477957,2342,78,35776,7405,0.03274545
浙江省,2018,0.44605008,9,1,0.76897547,0.103713334,0.916231469,2312,305,31703,8640,0.037881122
浙江省,2019,0.45362772,9,1,0.828263733,0.112075533,1.061942493,1818,393,31064,5868,0.034605963
浙江省,2020,0.445536,9,1,0.808558733,0.094881347,0.891205661,2660,414,28256,7688,0.035481214
浙江省,2021,0.4506474,9,1,0.881962027,0.090877555,1.037660703,2184,240,35164,4544,0.033019579
浙江省,2022,0.48407688,9,2,0.966427219,0.106830927,1.138427803,2593,285,41313,5791,0.0387711
浙江省,2023,0.48920928,10,3,0.953028598,0.099133368,1.05224024,2317,414,49638,6660,0.041656869
浙江省,2024,0.51289392,10,3,0.890059012,0.112310946,1.275695403,2240,332,30998,7565,0.038005439
山东省,1990,0.1140888,4,0,0.207329773,0.025921546,0.265570204,607,12,11012,1315,0.008243405
山东省,1991,0.12900888,5,0,0.256572861,0.027337627,0.260959162,574,23,14373,2548,0.010070249
山东省,1992,0.13846896,6,0,0.25473673,0.028432524,0.28418677,821,27,10393,1517,0.01063679
山东省,1993,0.14293188,6,0,0.244870897,0.029799153,0.32325474,633,22,10264,1686,0.01107477
山东省,1994,0.156114,6,0,0.293822159,0.038293984,0.33887666,797,30,12367,2856,0.013164425
山东省,1995,0.1693692,6,0,0.338281103,0.034753713,0.357394417,717,28,14963,2508,0.013345083
山东省,1996,0.18777024,6,0,0.360543897,0.043803042,0.445710219,1009,26,15854,3501,0.014897959
山东省,1997,0.18953844,7,0,0.362612308,0.03958226,0.465098901,1123,30,20354,2231,0.014664318
山东省,1998,0.20312208,7,0,0.350602252,0.045842622,0.495953027,1159,37,21711,3283,0.016344944
山东省,1999,0.222642,7,0,0.372687865,0.044661985,0.554200466,964,38,13595,3903,0.017759834
山东省,2000,0.2337888,8,0,0.393793855,0.058278872,0.49282679,1000,46,20882,4251,0.018021109
山东省,2001,0.22961988,8,0,0.392229025,0.055396944,0.52992824,1136,38,21532,4151,0.018702867
山东省,2002,0.25450656,8,0,0.44966219,0.055486248,0.531778732,1165,32,25734,2711,0.02024636
山东省,2003,0.26532156,8,0,0.512238648,0.055984176,0.650807255,1490,48,22663,3976,0.019015975
山东省,2004,0.27012384,9,0,0.526975595,0.063018541,0.58720871,1182,40,20186,4670,0.023116812
山东省,2005,0.280077,10,0,0.503158331,0.068896141,0.686356696,1460,30,25778,3712,0.020884142
山东省,2006,0.28924896,10,0,0.543035998,0.058653904,0.64596524,1205,58,27912,4067,0.023379167
山东省,2007,0.31647672,10,0,0.542040228,0.077987776,0.645739099,1583,61,37499,4605,0.026724651
山东省,2008,0.31855488,10,0,0.634412662,0.069038806,0.679939464,1546,33,19262,6145,0.025539455
山东省,2009,0.33407304,10,0,0.619549588,0.067491106,0.798384455,1520,50,20882,6379,0.027016487
山东省,2010,0.3288096,10,0,0.618940231,0.076615925,0.745526447,1808,63,22970,5464,0.025387859
山东省,2011,0.3459414,11,0,0.670999471,0.078860802,0.821852984,1714,61,31535,4339,0.027847294
山东省,2012,0.35242368,11,0,0.616342026,0.084431903,0.822363036,1716,46,24059,6274,0.028266896
山东省,2013,0.36989568,11,0,0.630511846,0.083905287,0.880185265,1560,49,33994,5901,0.029015674
山东省,2014,0.37450728,11,0,0.664762906,0.093293509,0.932410775,2021,41,28528,4663,0.029800614
山东省,2015,0.3942834,11,0,0.668021222,0.080396357,0.838778791,2152,89,30499,6833,0.030387985
山东省,2016,0.4147416,11,0,0.788230236,0.102061687,0.841635129,2346,109,32213,6528,0.031404826
山东省,2017,0.41985972,12,0,0.809979377,0.088896899,1.044002187,1799,109,31759,7512,0.033377048
山东省,2018,0.43296288,12,0,0.778524987,0.090590988,1.015449491,1932,314,45035,6697,0.036759786
山东省,2019,0.43239924,12,0,0.789359226,0.099047532,1.028764272,1957,282,43918,6894,0.036513027
山东省,2020,0.439656,12,0,0.87854993,0.09094724,1.039302818,2012,358,30848,5075,0.034020581
山东省,2021,0.46724748,12,0,0.81305734,0.094398008,1.036775433,2466,302,30998,7138,0.036003421
山东省,2022,0.4743396,12,0,0.896707391,0.116481204,1.066908345,2393,439,45796,8127,0.037539914
山东省,2023,0.50268204,12,1,0.912032781,0.118074984,1.025873507,2414,467,34872,6853,0.038277083
山东省,2024,0.48498912,12,1,0.93953709,0.116700507,1.174522401,2008,295,31512,8077,0.036403976
广东省,1990,0.1317792,5,0,0.250907597,0.02857632,0.284471759,617,20,13924,1571,0.011108987
广东省,1991,0.14625072,5,0,0.280786757,0.02942857,0.319265322,595,28,11745,2190,0.011463758
广东省,1992,0.15469776,5,0,0.265765595,0.03443108,0.338324001,852,27,14666,2379,0.012040127
广东省,1993,0.1721538,6,0,0.291003045,0.042722548,0.36729874,888,19,10377,3065,0.014082919
广东省,1994,0.17956344,6,0,0.339608334,0.041849055,0.42877056,905,20,19060,2779,0.014170634
广东省,1995,0.1893402,7,0,0.360099815,0.046749042,0.451964524,1115,22,16577,1897,0.015403637
广东省,1996,0.20712384,8,0,0.381604963,0.045722588,0.45025616,1212,37,17478,2181,0.017434797
广东省,1997,0.22356768,9,0,0.430956512,0.048029045,0.493223837,1201,39,19949,2631,0.016535066
广东省,1998,0.24006024,9,0,0.418673061,0.05112683,0.585482919,1280,38,18696,3488,0.019648245
广东省,1999,0.24836952,9,0,0.481720963,0.050606532,0.59639731,1432,36,17990,4566,0.018137007
广东省,2000,0.2538984,9,0,0.503302798,0.057015425,0.621847961,1071,41,16040,3659,0.021130513
广东省,2001,0.27031536,10,0,0.463527769,0.063703869,0.654757865,1362,45,19876,4950,0.022159681
广东省,2002,0.28157976,10,1,0.500874077,0.067208865,0.638665133,1241,55,30868,5531,0.023864689
广东省,2003,0.29687112,11,1,0.500772101,0.065736172,0.599946846,1338,39,35617,3551,0.021973128
广东省,2004,0.3224592,11,1,0.557531957,0.073165992,0.679663379,1572,49,36764,5015,0.027031294
广东省,2005,0.316827,12,1,0.531857485,0.068326911,0.699284713,1458,34,19703,5105,0.025203135
广东省,2006,0.34662264,12,1,0.623724333,0.07686877,0.751495215,1909,36,22711,6311,0.028930116
广东省,2007,0.3565296,12,1,0.632590469,0.085148182,0.783883805,2015,42,34980,5749,0.029246632
广东省,2008,0.35846832,12,1,0.617784303,0.089337475,0.73855228,2120,53,38121,5754,0.030698715
广东省,2009,0.37229388,12,1,0.736446934,0.084821576,0.851454718,2137,61,42989,4149,0.030826465
广东省,2010,0.3879792,12,1,0.722300877,0.0917629,0.817103594,2131,68,37153,4218,0.03074458
广东省,2011,0.414687,12,1,0.797761028,0.096487298,0.941609037,1955,43,37909,6299,0.030548214
广东省,2012,0.42427392,12,1,0.772121965,0.090211242,0.863418641,2027,52,32806,6505,0.030338616
广东省,2013,0.44080344,12,1,0.881327704,0.092711984,0.988876397,2449,62,30312,6063,0.031749812
广东省,2014,0.43351224,12,1,0.802994722,0.092281751,1.077884834,2222,45,43271,4613,0.034761489
广东省,2015,0.4488792,12,1,0.862192205,0.104894091,1.035339875,1935,74,37997,6531,0.035851982
广东省,2016,0.47800368,12,1,0.863194979,0.099644647,1.167093785,2179,80,53982,8962,0.039697523
广东省,2017,0.47145252,12,1,0.892726777,0.099476482,1.080286304,2166,83,35003,8966,0.037570725
广东省,2018,0.49648368,12,1,0.858767821,0.104703443,1.117510291,2880,256,51782,9530,0.039203061
广东省,2019,0.49922964,13,1,0.985529232,0.10352525,1.03432893,2010,319,43241,6315,0.038887136
广东省,2020,0.5321568,13,1,0.889322706,0.131213902,1.107418301,3019,332,58450,7624,0.038480258
广东省,2021,0.51756432,13,1,0.940724908,0.124906385,1.058444913,3018,267,48751,10236,0.038692369
广东省,2022,0.54493488,13,1,0.996649567,0.11246911,1.167114279,3212,407,35949,10651,0.039404241
广东省,2023,0.567987,13,1,1.059011762,0.132278492,1.280299497,2687,455,54769,6582,0.04523773
广东省,2024,0.56944272,13,1,0.956549881,0.119309639,1.404188803,2465,348,62436,10415,0.043082409
